"yearid","name","num_wins","total_salaries","win_rank","salary_rank"
2000,"San Francisco Giants","97","$53,737,826.00","1","17"
2000,"St. Louis Cardinals","95","$61,453,863.00","2","11"
2000,"Atlanta Braves","95","$84,537,836.00","2","3"
2000,"Chicago White Sox","95","$31,133,500.00","2","26"
2000,"New York Mets","94","$79,509,776.00","5","6"
2000,"Oakland Athletics","91","$31,971,333.00","6","25"
2000,"Seattle Mariners","91","$58,915,000.00","6","14"
2000,"Cleveland Indians","90","$75,880,771.00","8","8"
2000,"New York Yankees","87","$92,338,260.00","9","1"
2000,"Los Angeles Dodgers","86","$87,924,286.00","10","2"
2000,"Cincinnati Reds","85","$46,867,200.00","11","21"
2000,"Arizona Diamondbacks","85","$81,027,833.00","11","5"
2000,"Boston Red Sox","85","$77,940,333.00","11","7"
2000,"Toronto Blue Jays","83","$44,838,332.00","14","22"
2000,"Colorado Rockies","82","$61,111,190.00","15","12"
2000,"Anaheim Angels","82","$51,464,167.00","15","18"
2000,"Detroit Tigers","79","$58,265,167.00","17","15"
2000,"Florida Marlins","79","$19,872,000.00","17","29"
2000,"Kansas City Royals","77","$23,433,000.00","19","28"
2000,"San Diego Padres","76","$54,821,000.00","20","16"
2000,"Baltimore Orioles","74","$81,447,435.00","21","4"
2000,"Milwaukee Brewers","73","$36,505,333.00","22","23"
2000,"Houston Astros","72","$51,289,111.00","23","19"
2000,"Texas Rangers","71","$70,795,921.00","24","9"
2000,"Minnesota Twins","69","$16,519,500.00","25","30"
2000,"Tampa Bay Devil Rays","69","$62,765,129.00","25","10"
2000,"Pittsburgh Pirates","69","$28,928,334.00","25","27"
2000,"Montreal Expos","67","$32,994,333.00","28","24"
2000,"Chicago Cubs","65","$60,539,333.00","29","13"
2000,"Philadelphia Phillies","65","$47,308,000.00","29","20"
2001,"Seattle Mariners","116","$74,720,834.00","1","11"
2001,"Oakland Athletics","102","$33,810,750.00","2","29"
2001,"New York Yankees","95","$112,287,143.00","3","1"
2001,"Houston Astros","93","$60,612,667.00","4","17"
2001,"St. Louis Cardinals","93","$78,538,333.00","4","9"
2001,"Arizona Diamondbacks","92","$85,082,999.00","6","8"
2001,"Cleveland Indians","91","$93,152,001.00","7","5"
2001,"San Francisco Giants","90","$63,280,167.00","8","16"
2001,"Atlanta Braves","88","$91,936,166.00","9","6"
2001,"Chicago Cubs","88","$64,715,833.00","9","15"
2001,"Philadelphia Phillies","86","$41,663,833.00","11","24"
2001,"Los Angeles Dodgers","86","$109,105,953.00","11","3"
2001,"Minnesota Twins","85","$24,130,000.00","13","30"
2001,"Chicago White Sox","83","$65,653,667.00","14","14"
2001,"New York Mets","82","$93,174,428.00","15","4"
2001,"Boston Red Sox","82","$110,035,833.00","15","2"
2001,"Toronto Blue Jays","80","$76,895,999.00","17","10"
2001,"San Diego Padres","79","$39,182,833.00","18","25"
2001,"Florida Marlins","76","$35,762,500.00","19","26"
2001,"Anaheim Angels","75","$47,535,167.00","20","22"
2001,"Colorado Rockies","73","$71,541,334.00","21","12"
2001,"Texas Rangers","73","$88,633,500.00","21","7"
2001,"Milwaukee Brewers","68","$43,886,833.00","23","23"
2001,"Montreal Expos","68","$35,159,500.00","23","28"
2001,"Cincinnati Reds","66","$48,986,000.00","25","21"
2001,"Detroit Tigers","66","$53,416,167.00","25","20"
2001,"Kansas City Royals","65","$35,422,500.00","27","27"
2001,"Baltimore Orioles","63","$67,599,540.00","28","13"
2001,"Tampa Bay Devil Rays","62","$56,980,000.00","29","19"
2001,"Pittsburgh Pirates","62","$57,760,833.00","29","18"
2002,"Oakland Athletics","103","$40,004,167.00","1","28"
2002,"New York Yankees","103","$125,928,583.00","1","1"
2002,"Atlanta Braves","101","$92,870,367.00","3","7"
2002,"Anaheim Angels","99","$61,721,667.00","4","15"
2002,"Arizona Diamondbacks","98","$102,819,999.00","5","4"
2002,"St. Louis Cardinals","97","$74,660,875.00","6","13"
2002,"San Francisco Giants","95","$78,299,835.00","7","10"
2002,"Minnesota Twins","94","$40,425,000.00","8","27"
2002,"Seattle Mariners","93","$80,282,668.00","9","8"
2002,"Boston Red Sox","93","$108,366,060.00","9","2"
2002,"Los Angeles Dodgers","92","$94,850,953.00","11","5"
2002,"Houston Astros","84","$63,448,417.00","12","14"
2002,"Montreal Expos","83","$38,670,500.00","13","29"
2002,"Chicago White Sox","81","$57,052,833.00","14","18"
2002,"Philadelphia Phillies","80","$57,954,999.00","15","17"
2002,"Florida Marlins","79","$41,979,917.00","16","25"
2002,"Cincinnati Reds","78","$45,050,390.00","17","23"
2002,"Toronto Blue Jays","78","$76,864,333.00","17","11"
2002,"New York Mets","75","$94,633,593.00","19","6"
2002,"Cleveland Indians","74","$78,909,449.00","20","9"
2002,"Colorado Rockies","73","$56,851,043.00","21","19"
2002,"Texas Rangers","72","$105,526,122.00","22","3"
2002,"Pittsburgh Pirates","72","$42,323,599.00","22","24"
2002,"Baltimore Orioles","67","$60,493,487.00","24","16"
2002,"Chicago Cubs","67","$75,690,833.00","24","12"
2002,"San Diego Padres","66","$41,425,000.00","26","26"
2002,"Kansas City Royals","62","$47,257,000.00","27","22"
2002,"Milwaukee Brewers","56","$50,287,833.00","28","21"
2002,"Detroit Tigers","55","$55,048,000.00","29","20"
2002,"Tampa Bay Devil Rays","55","$34,380,000.00","29","30"
2003,"New York Yankees","101","$152,749,814.00","1","1"
2003,"Atlanta Braves","101","$106,243,667.00","1","3"
2003,"San Francisco Giants","100","$82,852,167.00","3","9"
2003,"Oakland Athletics","96","$50,260,834.00","4","23"
2003,"Boston Red Sox","95","$99,946,500.00","5","6"
2003,"Seattle Mariners","93","$86,959,167.00","6","7"
2003,"Florida Marlins","91","$49,450,000.00","7","24"
2003,"Minnesota Twins","90","$55,505,000.00","8","18"
2003,"Chicago Cubs","88","$79,868,333.00","9","11"
2003,"Houston Astros","87","$71,040,000.00","10","14"
2003,"Philadelphia Phillies","86","$70,780,000.00","11","15"
2003,"Chicago White Sox","86","$51,010,000.00","11","22"
2003,"Toronto Blue Jays","86","$51,269,000.00","11","21"
2003,"Los Angeles Dodgers","85","$105,572,620.00","14","4"
2003,"St. Louis Cardinals","85","$83,786,666.00","14","8"
2003,"Arizona Diamondbacks","84","$80,657,000.00","16","10"
2003,"Kansas City Royals","83","$40,518,000.00","17","29"
2003,"Montreal Expos","83","$51,948,500.00","17","20"
2003,"Anaheim Angels","77","$79,031,667.00","19","12"
2003,"Pittsburgh Pirates","75","$54,812,429.00","20","19"
2003,"Colorado Rockies","74","$67,179,667.00","21","16"
2003,"Baltimore Orioles","71","$73,877,500.00","22","13"
2003,"Texas Rangers","71","$103,491,667.00","22","5"
2003,"Cincinnati Reds","69","$59,355,667.00","24","17"
2003,"Cleveland Indians","68","$48,584,834.00","25","26"
2003,"Milwaukee Brewers","68","$40,627,000.00","25","28"
2003,"New York Mets","66","$116,876,429.00","27","2"
2003,"San Diego Padres","64","$45,210,000.00","28","27"
2003,"Tampa Bay Devil Rays","63","$19,630,000.00","29","30"
2003,"Detroit Tigers","43","$49,168,000.00","30","25"
2004,"St. Louis Cardinals","105","$83,228,333.00","1","9"
2004,"New York Yankees","101","$184,193,950.00","2","1"
2004,"Boston Red Sox","98","$127,298,500.00","3","2"
2004,"Atlanta Braves","96","$90,182,500.00","4","8"
2004,"Los Angeles Dodgers","93","$92,902,001.00","5","6"
2004,"Minnesota Twins","92","$53,585,000.00","6","19"
2004,"Houston Astros","92","$75,397,000.00","6","12"
2004,"Anaheim Angels","92","$100,534,667.00","6","3"
2004,"Oakland Athletics","91","$59,425,667.00","9","16"
2004,"San Francisco Giants","91","$82,019,166.00","9","10"
2004,"Texas Rangers","89","$55,050,417.00","11","18"
2004,"Chicago Cubs","89","$90,560,000.00","11","7"
2004,"San Diego Padres","87","$55,384,833.00","13","17"
2004,"Philadelphia Phillies","86","$92,919,167.00","14","5"
2004,"Chicago White Sox","83","$65,212,500.00","15","15"
2004,"Florida Marlins","83","$42,143,042.00","15","25"
2004,"Cleveland Indians","80","$34,319,300.00","17","27"
2004,"Baltimore Orioles","78","$51,623,333.00","18","20"
2004,"Cincinnati Reds","76","$46,615,250.00","19","24"
2004,"Pittsburgh Pirates","72","$32,227,929.00","20","28"
2004,"Detroit Tigers","72","$46,832,000.00","20","23"
2004,"New York Mets","71","$96,660,970.00","22","4"
2004,"Tampa Bay Devil Rays","70","$29,556,667.00","23","29"
2004,"Colorado Rockies","68","$65,445,167.00","24","14"
2004,"Montreal Expos","67","$40,897,500.00","25","26"
2004,"Toronto Blue Jays","67","$50,017,000.00","25","21"
2004,"Milwaukee Brewers","67","$27,528,500.00","25","30"
2004,"Seattle Mariners","63","$81,515,834.00","28","11"
2004,"Kansas City Royals","58","$47,609,000.00","29","22"
2004,"Arizona Diamondbacks","51","$69,780,750.00","30","13"
2005,"St. Louis Cardinals","100","$92,106,833.00","1","6"
2005,"Chicago White Sox","99","$75,178,000.00","2","13"
2005,"New York Yankees","95","$208,306,817.00","3","1"
2005,"Boston Red Sox","95","$123,505,125.00","3","2"
2005,"Los Angeles Angels of Anaheim","95","$94,867,822.00","3","5"
2005,"Cleveland Indians","93","$41,502,500.00","6","26"
2005,"Atlanta Braves","90","$86,457,302.00","7","10"
2005,"Houston Astros","89","$76,779,000.00","8","12"
2005,"Philadelphia Phillies","88","$95,522,000.00","9","4"
2005,"Oakland Athletics","88","$55,425,762.00","9","22"
2005,"Minnesota Twins","83","$56,186,000.00","11","20"
2005,"New York Mets","83","$101,305,821.00","11","3"
2005,"Florida Marlins","83","$60,408,834.00","11","19"
2005,"San Diego Padres","82","$63,290,833.00","14","16"
2005,"Washington Nationals","81","$48,581,500.00","15","23"
2005,"Milwaukee Brewers","81","$39,934,833.00","15","27"
2005,"Toronto Blue Jays","80","$45,719,500.00","17","25"
2005,"Chicago Cubs","79","$87,032,933.00","18","9"
2005,"Texas Rangers","79","$55,849,000.00","18","21"
2005,"Arizona Diamondbacks","77","$62,329,166.00","20","17"
2005,"San Francisco Giants","75","$90,199,500.00","21","7"
2005,"Baltimore Orioles","74","$73,914,333.00","22","14"
2005,"Cincinnati Reds","73","$61,892,583.00","23","18"
2005,"Los Angeles Dodgers","71","$83,039,000.00","24","11"
2005,"Detroit Tigers","71","$69,092,000.00","24","15"
2005,"Seattle Mariners","69","$87,754,334.00","26","8"
2005,"Colorado Rockies","67","$47,839,000.00","27","24"
2005,"Pittsburgh Pirates","67","$38,133,000.00","27","28"
2005,"Tampa Bay Devil Rays","67","$29,679,067.00","27","30"
2005,"Kansas City Royals","56","$36,881,000.00","30","29"
2006,"New York Yankees","97","$194,663,079.00","1","1"
2006,"New York Mets","97","$101,084,963.00","1","5"
2006,"Minnesota Twins","96","$63,396,006.00","3","19"
2006,"Detroit Tigers","95","$82,612,866.00","4","14"
2006,"Oakland Athletics","93","$62,243,079.00","5","21"
2006,"Chicago White Sox","90","$102,750,667.00","6","4"
2006,"Los Angeles Angels of Anaheim","89","$103,472,000.00","7","3"
2006,"Los Angeles Dodgers","88","$98,447,187.00","8","6"
2006,"San Diego Padres","88","$69,896,141.00","8","17"
2006,"Toronto Blue Jays","87","$71,365,000.00","10","16"
2006,"Boston Red Sox","86","$120,099,824.00","11","2"
2006,"Philadelphia Phillies","85","$88,273,333.00","12","12"
2006,"St. Louis Cardinals","83","$88,891,371.00","13","10"
2006,"Houston Astros","82","$88,694,435.00","14","11"
2006,"Cincinnati Reds","80","$60,909,519.00","15","22"
2006,"Texas Rangers","80","$68,228,662.00","15","18"
2006,"Atlanta Braves","79","$90,156,876.00","17","8"
2006,"Seattle Mariners","78","$87,959,833.00","18","13"
2006,"Florida Marlins","78","$14,671,500.00","18","30"
2006,"Cleveland Indians","78","$56,031,500.00","18","25"
2006,"Arizona Diamondbacks","76","$59,684,226.00","21","23"
2006,"San Francisco Giants","76","$90,056,419.00","21","9"
2006,"Colorado Rockies","76","$41,233,000.00","21","28"
2006,"Milwaukee Brewers","75","$57,568,333.00","24","24"
2006,"Washington Nationals","71","$63,143,000.00","25","20"
2006,"Baltimore Orioles","70","$72,585,582.00","26","15"
2006,"Pittsburgh Pirates","67","$46,717,750.00","27","27"
2006,"Chicago Cubs","66","$94,424,499.00","28","7"
2006,"Kansas City Royals","62","$47,294,000.00","29","26"
2006,"Tampa Bay Devil Rays","61","$34,917,967.00","30","29"
2007,"Boston Red Sox","96","$143,026,214.00","1","2"
2007,"Cleveland Indians","96","$61,673,267.00","1","23"
2007,"New York Yankees","94","$189,259,045.00","3","1"
2007,"Los Angeles Angels of Anaheim","94","$109,251,333.00","3","4"
2007,"Arizona Diamondbacks","90","$52,067,546.00","5","26"
2007,"Colorado Rockies","90","$54,041,000.00","5","25"
2007,"San Diego Padres","89","$58,110,567.00","7","24"
2007,"Philadelphia Phillies","89","$89,428,213.00","7","13"
2007,"New York Mets","88","$115,231,663.00","9","3"
2007,"Seattle Mariners","88","$106,460,833.00","9","7"
2007,"Detroit Tigers","88","$94,800,369.00","9","9"
2007,"Chicago Cubs","85","$99,670,332.00","12","8"
2007,"Atlanta Braves","84","$87,290,833.00","13","15"
2007,"Toronto Blue Jays","83","$81,942,800.00","14","16"
2007,"Milwaukee Brewers","83","$70,986,500.00","14","19"
2007,"Los Angeles Dodgers","82","$108,454,524.00","16","6"
2007,"Minnesota Twins","79","$71,439,500.00","17","18"
2007,"St. Louis Cardinals","78","$90,286,823.00","18","11"
2007,"Oakland Athletics","76","$79,366,940.00","19","17"
2007,"Texas Rangers","75","$68,318,675.00","20","21"
2007,"Houston Astros","73","$87,759,000.00","21","14"
2007,"Washington Nationals","73","$36,947,500.00","21","28"
2007,"Chicago White Sox","72","$108,671,833.00","23","5"
2007,"Cincinnati Reds","72","$68,524,980.00","23","20"
2007,"San Francisco Giants","71","$90,219,056.00","25","12"
2007,"Florida Marlins","71","$30,507,000.00","25","29"
2007,"Kansas City Royals","69","$67,116,500.00","27","22"
2007,"Baltimore Orioles","69","$93,174,808.00","27","10"
2007,"Pittsburgh Pirates","68","$38,537,833.00","29","27"
2007,"Tampa Bay Devil Rays","66","$24,123,500.00","30","30"
2008,"Los Angeles Angels of Anaheim","100","$119,216,333.00","1","6"
2008,"Tampa Bay Rays","97","$43,820,597.00","2","29"
2008,"Chicago Cubs","97","$118,345,833.00","2","8"
2008,"Boston Red Sox","95","$133,390,035.00","4","4"
2008,"Philadelphia Phillies","92","$97,879,880.00","5","12"
2008,"Milwaukee Brewers","90","$80,937,499.00","6","15"
2008,"New York Mets","89","$137,793,376.00","7","2"
2008,"Chicago White Sox","89","$121,189,332.00","7","5"
2008,"New York Yankees","89","$207,896,789.00","7","1"
2008,"Minnesota Twins","88","$56,932,766.00","10","25"
2008,"Toronto Blue Jays","86","$97,793,900.00","11","13"
2008,"St. Louis Cardinals","86","$99,624,449.00","11","11"
2008,"Houston Astros","86","$88,930,414.00","11","14"
2008,"Florida Marlins","84","$21,811,500.00","14","30"
2008,"Los Angeles Dodgers","84","$118,588,536.00","14","7"
2008,"Arizona Diamondbacks","82","$66,202,712.00","16","23"
2008,"Cleveland Indians","81","$78,970,066.00","17","16"
2008,"Texas Rangers","79","$67,712,326.00","18","21"
2008,"Kansas City Royals","75","$58,245,500.00","19","24"
2008,"Oakland Athletics","75","$47,967,126.00","19","28"
2008,"Detroit Tigers","74","$137,685,196.00","21","3"
2008,"Colorado Rockies","74","$68,655,500.00","21","20"
2008,"Cincinnati Reds","74","$74,117,695.00","21","18"
2008,"Atlanta Braves","72","$102,365,683.00","24","10"
2008,"San Francisco Giants","72","$76,594,500.00","24","17"
2008,"Baltimore Orioles","68","$67,196,246.00","26","22"
2008,"Pittsburgh Pirates","67","$48,689,783.00","27","27"
2008,"San Diego Padres","63","$73,677,616.00","28","19"
2008,"Seattle Mariners","61","$117,666,482.00","29","9"
2008,"Washington Nationals","59","$54,961,000.00","30","26"
2009,"New York Yankees","103","$201,449,189.00","1","1"
2009,"Los Angeles Angels of Anaheim","97","$113,709,000.00","2","6"
2009,"Los Angeles Dodgers","95","$100,414,592.00","3","9"
2009,"Boston Red Sox","95","$121,345,999.00","3","4"
2009,"Philadelphia Phillies","93","$113,004,046.00","5","7"
2009,"Colorado Rockies","92","$75,201,000.00","6","18"
2009,"St. Louis Cardinals","91","$88,528,409.00","7","13"
2009,"San Francisco Giants","88","$83,026,450.00","8","14"
2009,"Florida Marlins","87","$36,834,000.00","9","30"
2009,"Minnesota Twins","87","$65,299,266.00","9","24"
2009,"Texas Rangers","87","$68,178,798.00","9","22"
2009,"Atlanta Braves","86","$96,726,166.00","12","11"
2009,"Detroit Tigers","86","$115,085,145.00","12","5"
2009,"Seattle Mariners","85","$98,904,166.00","14","10"
2009,"Tampa Bay Rays","84","$63,313,034.00","15","25"
2009,"Chicago Cubs","83","$134,809,000.00","16","3"
2009,"Milwaukee Brewers","80","$80,182,502.00","17","17"
2009,"Chicago White Sox","79","$96,068,500.00","18","12"
2009,"Cincinnati Reds","78","$73,558,500.00","19","19"
2009,"Toronto Blue Jays","75","$80,538,300.00","20","16"
2009,"Oakland Athletics","75","$61,910,000.00","20","26"
2009,"San Diego Padres","75","$43,333,700.00","20","29"
2009,"Houston Astros","74","$102,996,414.00","23","8"
2009,"New York Mets","70","$149,373,987.00","24","2"
2009,"Arizona Diamondbacks","70","$73,115,666.00","24","20"
2009,"Kansas City Royals","65","$70,519,333.00","26","21"
2009,"Cleveland Indians","65","$81,579,166.00","26","15"
2009,"Baltimore Orioles","64","$67,101,666.00","28","23"
2009,"Pittsburgh Pirates","62","$48,693,000.00","29","28"
2009,"Washington Nationals","59","$59,928,000.00","30","27"
2010,"Philadelphia Phillies","97","$141,928,379.00","1","4"
2010,"Tampa Bay Rays","96","$71,923,471.00","2","19"
2010,"New York Yankees","95","$206,333,389.00","3","1"
2010,"Minnesota Twins","94","$97,559,166.00","4","10"
2010,"San Francisco Giants","92","$98,641,333.00","5","9"
2010,"Atlanta Braves","91","$84,423,666.00","6","15"
2010,"Cincinnati Reds","91","$71,761,542.00","6","20"
2010,"Texas Rangers","90","$55,250,544.00","8","28"
2010,"San Diego Padres","90","$37,799,300.00","8","29"
2010,"Boston Red Sox","89","$162,447,333.00","10","2"
2010,"Chicago White Sox","88","$105,530,000.00","11","7"
2010,"St. Louis Cardinals","86","$93,540,751.00","12","12"
2010,"Toronto Blue Jays","85","$62,234,000.00","13","22"
2010,"Colorado Rockies","83","$84,227,000.00","14","16"
2010,"Detroit Tigers","81","$122,864,928.00","15","6"
2010,"Oakland Athletics","81","$55,254,900.00","15","27"
2010,"Florida Marlins","80","$57,029,719.00","17","26"
2010,"Los Angeles Angels of Anaheim","80","$104,963,866.00","17","8"
2010,"Los Angeles Dodgers","80","$95,358,016.00","17","11"
2010,"New York Mets","79","$134,422,942.00","20","5"
2010,"Milwaukee Brewers","77","$81,108,278.00","21","18"
2010,"Houston Astros","76","$92,355,500.00","22","13"
2010,"Chicago Cubs","75","$146,609,000.00","23","3"
2010,"Washington Nationals","69","$61,400,000.00","24","23"
2010,"Cleveland Indians","69","$61,203,966.00","24","24"
2010,"Kansas City Royals","67","$71,405,210.00","26","21"
2010,"Baltimore Orioles","66","$81,612,500.00","27","17"
2010,"Arizona Diamondbacks","65","$60,718,166.00","28","25"
2010,"Seattle Mariners","61","$86,510,000.00","29","14"
2010,"Pittsburgh Pirates","57","$34,943,000.00","30","30"
2011,"Philadelphia Phillies","102","$172,976,379.00","1","2"
2011,"New York Yankees","97","$202,275,028.00","2","1"
2011,"Milwaukee Brewers","96","$85,497,333.00","3","17"
2011,"Texas Rangers","96","$92,299,264.00","3","13"
2011,"Detroit Tigers","95","$105,700,231.00","5","10"
2011,"Arizona Diamondbacks","94","$53,639,833.00","6","25"
2011,"Tampa Bay Rays","91","$41,053,571.00","7","29"
2011,"Boston Red Sox","90","$161,762,475.00","8","3"
2011,"St. Louis Cardinals","90","$105,433,572.00","8","11"
2011,"Atlanta Braves","89","$87,002,692.00","10","15"
2011,"San Francisco Giants","86","$118,198,333.00","11","8"
2011,"Los Angeles Angels of Anaheim","86","$138,543,166.00","11","4"
2011,"Los Angeles Dodgers","82","$104,188,999.00","13","12"
2011,"Toronto Blue Jays","81","$62,567,800.00","14","23"
2011,"Washington Nationals","80","$63,856,928.00","15","22"
2011,"Cleveland Indians","80","$48,776,566.00","15","26"
2011,"Cincinnati Reds","79","$75,947,134.00","17","19"
2011,"Chicago White Sox","79","$127,789,000.00","17","5"
2011,"New York Mets","77","$118,847,309.00","19","7"
2011,"Oakland Athletics","74","$66,536,500.00","20","21"
2011,"Colorado Rockies","73","$88,148,071.00","21","14"
2011,"Florida Marlins","72","$56,944,000.00","22","24"
2011,"Pittsburgh Pirates","72","$45,047,000.00","22","28"
2011,"Chicago Cubs","71","$125,047,329.00","24","6"
2011,"Kansas City Royals","71","$35,712,000.00","24","30"
2011,"San Diego Padres","71","$45,869,140.00","24","27"
2011,"Baltimore Orioles","69","$85,304,038.00","27","18"
2011,"Seattle Mariners","67","$86,110,600.00","28","16"
2011,"Minnesota Twins","63","$112,737,000.00","29","9"
2011,"Houston Astros","56","$70,694,000.00","30","20"
2012,"Washington Nationals","98","$80,855,143.00","1","19"
2012,"Cincinnati Reds","97","$82,203,616.00","2","17"
2012,"New York Yankees","95","$196,522,289.00","3","1"
2012,"Atlanta Braves","94","$82,829,942.00","4","16"
2012,"Oakland Athletics","94","$55,372,500.00","4","29"
2012,"San Francisco Giants","94","$117,620,683.00","4","8"
2012,"Baltimore Orioles","93","$77,353,999.00","7","22"
2012,"Texas Rangers","93","$120,510,974.00","7","6"
2012,"Tampa Bay Rays","90","$64,173,500.00","9","25"
2012,"Los Angeles Angels of Anaheim","89","$154,485,166.00","10","4"
2012,"St. Louis Cardinals","88","$110,300,862.00","11","9"
2012,"Detroit Tigers","88","$132,300,000.00","11","5"
2012,"Los Angeles Dodgers","86","$95,143,575.00","13","12"
2012,"Chicago White Sox","85","$96,919,500.00","14","11"
2012,"Milwaukee Brewers","83","$97,653,944.00","15","10"
2012,"Philadelphia Phillies","81","$174,538,938.00","16","2"
2012,"Arizona Diamondbacks","81","$73,804,833.00","16","24"
2012,"Pittsburgh Pirates","79","$62,951,999.00","18","26"
2012,"San Diego Padres","76","$55,244,700.00","19","30"
2012,"Seattle Mariners","75","$81,978,100.00","20","18"
2012,"New York Mets","74","$93,353,983.00","21","14"
2012,"Toronto Blue Jays","73","$75,009,200.00","22","23"
2012,"Kansas City Royals","72","$60,916,225.00","23","27"
2012,"Boston Red Sox","69","$173,186,617.00","24","3"
2012,"Miami Marlins","69","$118,078,000.00","24","7"
2012,"Cleveland Indians","68","$78,430,300.00","26","20"
2012,"Minnesota Twins","66","$94,085,000.00","27","13"
2012,"Colorado Rockies","64","$78,069,571.00","28","21"
2012,"Chicago Cubs","61","$88,197,033.00","29","15"
2012,"Houston Astros","55","$60,651,000.00","30","28"
2013,"Boston Red Sox","97","$151,530,000.00","1","4"
2013,"St. Louis Cardinals","97","$92,260,110.00","1","14"
2013,"Atlanta Braves","96","$87,871,525.00","3","16"
2013,"Oakland Athletics","96","$60,132,500.00","3","26"
2013,"Pittsburgh Pirates","94","$77,062,000.00","5","19"
2013,"Detroit Tigers","93","$145,989,500.00","6","5"
2013,"Cleveland Indians","92","$75,771,800.00","7","21"
2013,"Tampa Bay Rays","92","$52,955,272.00","7","27"
2013,"Los Angeles Dodgers","92","$223,362,196.00","7","2"
2013,"Texas Rangers","91","$112,522,600.00","10","11"
2013,"Cincinnati Reds","90","$106,404,462.00","11","12"
2013,"Washington Nationals","86","$113,703,270.00","12","10"
2013,"Kansas City Royals","86","$80,091,725.00","12","18"
2013,"New York Yankees","85","$231,978,886.00","14","1"
2013,"Baltimore Orioles","85","$84,393,333.00","14","17"
2013,"Arizona Diamondbacks","81","$90,132,000.00","16","15"
2013,"Los Angeles Angels of Anaheim","78","$124,174,750.00","17","8"
2013,"San Francisco Giants","76","$140,180,334.00","18","6"
2013,"San Diego Padres","76","$65,585,500.00","18","25"
2013,"Colorado Rockies","74","$74,409,071.00","20","23"
2013,"Milwaukee Brewers","74","$76,947,033.00","20","20"
2013,"Toronto Blue Jays","74","$126,288,100.00","20","7"
2013,"New York Mets","74","$49,448,346.00","20","28"
2013,"Philadelphia Phillies","73","$169,863,189.00","24","3"
2013,"Seattle Mariners","71","$74,005,043.00","25","24"
2013,"Minnesota Twins","66","$75,337,500.00","26","22"
2013,"Chicago Cubs","66","$100,567,726.00","26","13"
2013,"Chicago White Sox","63","$120,065,277.00","28","9"
2013,"Miami Marlins","62","$33,601,900.00","29","29"
2013,"Houston Astros","51","$17,890,700.00","30","30"
2014,"Los Angeles Angels of Anaheim","98","$121,988,250.00","1","8"
2014,"Washington Nationals","96","$131,983,680.00","2","7"
2014,"Baltimore Orioles","96","$103,416,000.00","2","13"
2014,"Los Angeles Dodgers","94","$217,014,600.00","4","1"
2014,"St. Louis Cardinals","90","$120,693,000.00","5","9"
2014,"Detroit Tigers","90","$152,855,500.00","5","5"
2014,"Kansas City Royals","89","$74,594,075.00","7","25"
2014,"Pittsburgh Pirates","88","$77,178,000.00","8","23"
2014,"San Francisco Giants","88","$163,510,167.00","8","4"
2014,"Oakland Athletics","88","$72,408,400.00","8","27"
2014,"Seattle Mariners","87","$92,531,100.00","11","18"
2014,"Cleveland Indians","85","$82,151,899.00","12","21"
2014,"New York Yankees","84","$197,543,907.00","13","2"
2014,"Toronto Blue Jays","83","$109,920,100.00","14","11"
2014,"Milwaukee Brewers","82","$101,217,000.00","15","14"
2014,"Atlanta Braves","79","$97,609,000.00","16","16"
2014,"New York Mets","79","$85,556,990.00","16","19"
2014,"Miami Marlins","77","$41,836,900.00","18","29"
2014,"San Diego Padres","77","$75,685,700.00","18","24"
2014,"Tampa Bay Rays","77","$72,689,100.00","18","26"
2014,"Cincinnati Reds","76","$108,217,500.00","21","12"
2014,"Chicago Cubs","73","$65,522,500.00","22","28"
2014,"Chicago White Sox","73","$81,830,500.00","22","22"
2014,"Philadelphia Phillies","73","$180,944,967.00","22","3"
2014,"Boston Red Sox","71","$139,019,929.00","25","6"
2014,"Minnesota Twins","70","$83,762,500.00","26","20"
2014,"Houston Astros","70","$35,116,300.00","26","30"
2014,"Texas Rangers","67","$112,255,059.00","28","10"
2014,"Colorado Rockies","66","$95,403,500.00","29","17"
2014,"Arizona Diamondbacks","64","$97,861,500.00","30","15"
2015,"St. Louis Cardinals","100","$119,241,500.00","1","10"
2015,"Pittsburgh Pirates","98","$88,892,499.00","2","23"
2015,"Chicago Cubs","97","$115,879,310.00","3","12"
2015,"Kansas City Royals","95","$112,107,025.00","4","17"
2015,"Toronto Blue Jays","93","$112,992,400.00","5","15"
2015,"Los Angeles Dodgers","92","$215,792,000.00","6","1"
2015,"New York Mets","90","$96,766,683.00","7","21"
2015,"Texas Rangers","88","$143,742,789.00","8","7"
2015,"New York Yankees","87","$212,751,957.00","9","2"
2015,"Houston Astros","86","$72,256,200.00","10","26"
2015,"Los Angeles Angels of Anaheim","85","$120,005,415.00","11","9"
2015,"San Francisco Giants","84","$164,701,500.00","12","5"
2015,"Minnesota Twins","83","$107,755,000.00","13","19"
2015,"Washington Nationals","83","$155,587,472.00","13","6"
2015,"Cleveland Indians","81","$87,663,766.00","15","24"
2015,"Baltimore Orioles","81","$115,044,833.00","15","13"
2015,"Tampa Bay Rays","80","$64,521,233.00","17","29"
2015,"Arizona Diamondbacks","79","$61,834,000.00","18","30"
2015,"Boston Red Sox","78","$181,103,400.00","19","3"
2015,"Seattle Mariners","76","$122,208,700.00","20","8"
2015,"Chicago White Sox","76","$112,373,700.00","20","16"
2015,"San Diego Padres","74","$118,441,300.00","22","11"
2015,"Detroit Tigers","74","$172,284,750.00","22","4"
2015,"Miami Marlins","71","$68,056,500.00","24","28"
2015,"Oakland Athletics","68","$79,053,501.00","25","25"
2015,"Milwaukee Brewers","68","$100,850,000.00","25","20"
2015,"Colorado Rockies","68","$95,688,600.00","25","22"
2015,"Atlanta Braves","67","$71,781,250.00","28","27"
2015,"Cincinnati Reds","64","$113,072,286.00","29","14"
2015,"Philadelphia Phillies","63","$111,693,000.00","30","18"
2016,"Chicago Cubs","103","$154,067,668.00","1","8"
2016,"Washington Nationals","95","$141,652,646.00","2","10"
2016,"Texas Rangers","95","$176,038,723.00","2","5"
2016,"Cleveland Indians","94","$74,311,900.00","4","26"
2016,"Boston Red Sox","93","$188,545,761.00","5","4"
2016,"Los Angeles Dodgers","91","$221,288,380.00","6","2"
2016,"Toronto Blue Jays","89","$138,701,700.00","7","11"
2016,"Baltimore Orioles","89","$161,863,456.00","7","7"
2016,"San Francisco Giants","87","$172,253,778.00","9","6"
2016,"New York Mets","87","$133,889,129.00","9","14"
2016,"St. Louis Cardinals","86","$143,053,500.00","11","9"
2016,"Detroit Tigers","86","$194,876,481.00","11","3"
2016,"Seattle Mariners","86","$135,683,339.00","11","13"
2016,"Houston Astros","84","$94,893,700.00","14","21"
2016,"New York Yankees","84","$222,997,792.00","14","1"
2016,"Kansas City Royals","81","$131,487,125.00","16","15"
2016,"Miami Marlins","79","$77,314,202.00","17","25"
2016,"Chicago White Sox","78","$112,998,667.00","18","16"
2016,"Pittsburgh Pirates","78","$103,778,833.00","18","18"
2016,"Colorado Rockies","75","$112,645,071.00","20","17"
2016,"Los Angeles Angels of Anaheim","74","$137,251,333.00","21","12"
2016,"Milwaukee Brewers","73","$68,775,237.00","22","27"
2016,"Philadelphia Phillies","71","$58,980,000.00","23","29"
2016,"Arizona Diamondbacks","69","$87,439,063.00","24","23"
2016,"Oakland Athletics","69","$86,806,234.00","24","24"
2016,"Tampa Bay Rays","68","$57,097,310.00","26","30"
2016,"Cincinnati Reds","68","$88,940,059.00","26","22"
2016,"Atlanta Braves","68","$68,498,291.00","26","28"
2016,"San Diego Padres","68","$101,424,814.00","26","20"
2016,"Minnesota Twins","59","$102,583,200.00","30","19"
